timestamp,trace_time,desired_total,running_total,gap,label
1788049573,600.0,32,32.0,0.0,20x
1788049603,1200.0,49,49.0,0.0,20x
1788049633,1800.0,69,69.0,0.0,20x
1788049663,2400.0,67,67.0,0.0,20x
1788049693,3000.0,112,112.0,0.0,20x
1788049723,3600.0,71,80.0,9.0,20x
1788049753,4200.0,217,220.0,3.0,20x
1788049783,4800.0,71,118.0,47.0,20x
1788049813,5400.0,73,119.0,46.0,20x
1788049843,6000.0,67,67.0,0.0,20x
1788049873,6600.0,64,64.0,0.0,20x
1788049903,7200.0,61,61.0,0.0,20x
1788049933,7800.0,51,52.0,1.0,20x
1788049963,8400.0,37,40.0,3.0,20x
1788049993,9000.0,26,33.0,7.0,20x
1788050023,9600.0,172,172.0,0.0,20x
1788050053,10200.0,87,118.0,31.0,20x
1788050083,10800.0,124,124.0,0.0,20x
1788050113,11400.0,152,152.0,0.0,20x
1788050143,12000.0,94,108.0,14.0,20x
1788050173,12600.0,102,103.0,1.0,20x
1788050203,13200.0,76,76.0,0.0,20x
1788050233,13800.0,45,48.0,3.0,20x
1788050263,14400.0,17,23.0,6.0,20x
1788050293,15000.0,265,266.0,1.0,20x
1788050323,15600.0,83,208.0,125.0,20x
1788050353,16200.0,115,195.0,80.0,20x
1788050383,16800.0,108,108.0,0.0,20x
1788050413,17400.0,67,82.0,15.0,20x
1788057937,450.0,32,32.0,0.0,15x
1788057967,900.0,41,41.0,0.0,15x
1788057997,1350.0,58,58.0,0.0,15x
1788058027,1800.0,69,69.0,0.0,15x
1788058057,2250.0,67,67.0,0.0,15x
1788058087,2700.0,88,88.0,0.0,15x
1788058117,3150.0,89,89.0,0.0,15x
1788058147,3600.0,71,76.0,5.0,15x
1788058177,4050.0,217,219.0,2.0,15x
1788058207,4500.0,192,192.0,0.0,15x
1788058237,4950.0,73,137.0,64.0,15x
1788058267,5400.0,73,100.0,27.0,15x
1788058297,5850.0,67,67.0,0.0,15x
1788058327,6300.0,66,66.0,0.0,15x
1788058357,6750.0,62,63.0,1.0,15x
1788058387,7200.0,61,62.0,1.0,15x
1788058417,7650.0,51,51.0,0.0,15x
1788058447,8100.0,45,46.0,1.0,15x
1788058477,8550.0,32,34.0,2.0,15x
1788058507,9000.0,26,28.0,2.0,15x
1788058537,9450.0,172,172.0,0.0,15x
1788058567,9900.0,87,118.0,31.0,15x
1788058597,10350.0,92,124.0,32.0,15x
1788058627,10800.0,124,124.0,0.0,15x
1788058657,11250.0,152,152.0,0.0,15x
1788058687,11700.0,114,120.0,6.0,15x
1788058717,12150.0,105,111.0,6.0,15x
1788058747,12600.0,102,102.0,0.0,15x
1788058777,13050.0,76,77.0,1.0,15x
1788058807,13500.0,62,63.0,1.0,15x
1788058837,13950.0,32,38.0,6.0,15x
1788058867,14400.0,17,22.0,5.0,15x
1788058897,14850.0,265,266.0,1.0,15x
1788058927,15300.0,87,190.0,103.0,15x
1788058957,15750.0,84,189.0,105.0,15x
1788058987,16200.0,115,115.0,0.0,15x
1788059017,16650.0,108,109.0,1.0,15x
1788059047,17100.0,91,98.0,7.0,15x
1788059077,17550.0,48,51.0,3.0,15x
1788093410,300.0,25,25.0,0.0,10x
1788093440,600.0,32,32.0,0.0,10x
1788093470,900.0,41,41.0,0.0,10x
1788093500,1200.0,49,49.0,0.0,10x
1788093530,1500.0,58,58.0,0.0,10x
1788093560,1800.0,69,69.0,0.0,10x
1788093590,2100.0,65,65.0,0.0,10x
1788093620,2400.0,67,67.0,0.0,10x
1788093650,2700.0,88,88.0,0.0,10x
1788093680,3000.0,112,112.0,0.0,10x
1788093710,3300.0,89,92.0,3.0,10x
1788093740,3600.0,71,81.0,10.0,10x
1788093770,3900.0,179,125.0,-54.0,10x
1788093800,4200.0,217,217.0,0.0,10x
1788093830,4500.0,192,192.0,0.0,10x
1788093860,4800.0,71,151.0,80.0,10x
1788093890,5100.0,73,106.0,33.0,10x
1788093920,5400.0,73,76.0,3.0,10x
1788093950,5700.0,67,67.0,0.0,10x
1788093980,6000.0,67,67.0,0.0,10x
1788094010,6300.0,66,66.0,0.0,10x
1788094040,6600.0,64,64.0,0.0,10x
1788094070,6900.0,62,62.0,0.0,10x
1788094100,7200.0,61,61.0,0.0,10x
1788094130,7500.0,54,54.0,0.0,10x
1788094160,7800.0,51,51.0,0.0,10x
1788094190,8100.0,45,45.0,0.0,10x
1788094220,8400.0,37,37.0,0.0,10x
1788094250,8700.0,32,32.0,0.0,10x
1788094280,9000.0,26,26.0,0.0,10x
1788094310,9300.0,129,82.0,-47.0,10x
1788094340,9600.0,172,172.0,0.0,10x
1788094370,9900.0,87,128.0,41.0,10x
1788094400,10200.0,87,116.0,29.0,10x
1788094430,10500.0,92,92.0,0.0,10x
1788094460,10800.0,124,124.0,0.0,10x
1788094490,11100.0,158,158.0,0.0,10x
1788094520,11400.0,152,152.0,0.0,10x
1788094550,11700.0,114,120.0,6.0,10x
1788094580,12000.0,94,107.0,13.0,10x
1788094610,12300.0,105,103.0,-2.0,10x
1788094640,12600.0,102,102.0,0.0,10x
1788094670,12900.0,89,89.0,0.0,10x
1788094700,13200.0,76,76.0,0.0,10x
1788094730,13500.0,62,62.0,0.0,10x
1788094760,13800.0,45,51.0,6.0,10x
1788094790,14100.0,32,37.0,5.0,10x
1788094820,14400.0,17,21.0,4.0,10x
1788094850,14700.0,201,76.0,-125.0,10x
1788094880,15000.0,265,261.0,-4.0,10x
1788094910,15300.0,87,219.0,132.0,10x
1788094940,15600.0,83,179.0,96.0,10x
1788094970,15900.0,84,84.0,0.0,10x
1788095000,16200.0,115,115.0,0.0,10x
1788095030,16500.0,138,138.0,0.0,10x
1788095060,16800.0,108,110.0,2.0,10x
1788095090,17100.0,91,100.0,9.0,10x
1788095120,17400.0,67,69.0,2.0,10x
1788095150,17700.0,48,62.0,14.0,10x
1788117649,150.0,13,13.0,0.0,5x
1788117679,300.0,25,25.0,0.0,5x
1788117709,450.0,25,25.0,0.0,5x
1788117739,600.0,32,32.0,0.0,5x
1788117769,750.0,32,32.0,0.0,5x
1788117799,900.0,41,41.0,0.0,5x
1788117829,1050.0,41,41.0,0.0,5x
1788117859,1200.0,49,49.0,0.0,5x
1788117889,1350.0,49,49.0,0.0,5x
1788117919,1500.0,58,58.0,0.0,5x
1788117949,1650.0,58,58.0,0.0,5x
1788117979,1800.0,69,69.0,0.0,5x
1788118009,1950.0,69,69.0,0.0,5x
1788118039,2100.0,65,65.0,0.0,5x
1788118069,2250.0,65,65.0,0.0,5x
1788118099,2400.0,67,67.0,0.0,5x
1788118129,2550.0,67,67.0,0.0,5x
1788118159,2700.0,88,88.0,0.0,5x
1788118189,2850.0,88,88.0,0.0,5x
1788118219,3000.0,112,112.0,0.0,5x
1788118249,3150.0,112,112.0,0.0,5x
1788118279,3300.0,89,89.0,0.0,5x
1788118309,3450.0,89,89.0,0.0,5x
1788118339,3600.0,71,71.0,0.0,5x
1788118369,3750.0,71,71.0,0.0,5x
1788118399,3900.0,179,121.0,-58.0,5x
1788118429,4050.0,179,179.0,0.0,5x
1788118459,4200.0,217,217.0,0.0,5x
1788118489,4350.0,217,217.0,0.0,5x
1788118519,4500.0,192,192.0,0.0,5x
1788118549,4650.0,192,192.0,0.0,5x
1788118579,4800.0,71,153.0,82.0,5x
1788118609,4950.0,71,132.0,61.0,5x
1788118639,5100.0,73,80.0,7.0,5x
1788118669,5250.0,73,73.0,0.0,5x
1788118699,5400.0,73,73.0,0.0,5x
1788118729,5550.0,73,73.0,0.0,5x
1788118759,5700.0,67,67.0,0.0,5x
1788118789,5850.0,67,67.0,0.0,5x
1788118819,6000.0,67,67.0,0.0,5x
1788118849,6150.0,67,67.0,0.0,5x
1788118879,6300.0,66,66.0,0.0,5x
1788118909,6450.0,66,66.0,0.0,5x
1788118939,6600.0,64,64.0,0.0,5x
1788118969,6750.0,64,64.0,0.0,5x
1788118999,6900.0,62,62.0,0.0,5x
1788119029,7050.0,62,62.0,0.0,5x
1788119059,7200.0,61,61.0,0.0,5x
1788119089,7350.0,61,61.0,0.0,5x
1788119119,7500.0,54,54.0,0.0,5x
1788119149,7650.0,54,54.0,0.0,5x
1788119179,7800.0,51,51.0,0.0,5x
1788119209,7950.0,51,51.0,0.0,5x
1788119239,8100.0,45,45.0,0.0,5x
1788119269,8250.0,45,45.0,0.0,5x
1788119299,8400.0,37,37.0,0.0,5x
1788119329,8550.0,37,37.0,0.0,5x
1788119359,8700.0,32,33.0,1.0,5x
1788119389,8850.0,32,33.0,1.0,5x
1788119419,9000.0,26,26.0,0.0,5x
1788119449,9150.0,26,26.0,0.0,5x
1788119479,9300.0,129,85.0,-44.0,5x
1788119509,9450.0,129,129.0,0.0,5x
1788119539,9600.0,172,172.0,0.0,5x
1788119569,9750.0,172,172.0,0.0,5x
1788119599,9900.0,87,120.0,33.0,5x
1788119629,10050.0,87,112.0,25.0,5x
1788119659,10200.0,87,87.0,0.0,5x
1788119689,10350.0,87,87.0,0.0,5x
1788119719,10500.0,92,92.0,0.0,5x
1788119749,10650.0,92,92.0,0.0,5x
1788119779,10800.0,124,124.0,0.0,5x
1788119809,10950.0,124,124.0,0.0,5x
1788119839,11100.0,158,158.0,0.0,5x
1788119869,11250.0,158,158.0,0.0,5x
1788119899,11400.0,152,152.0,0.0,5x
1788119929,11550.0,152,152.0,0.0,5x
1788119959,11700.0,114,122.0,8.0,5x
1788119989,11850.0,114,122.0,8.0,5x
1788120019,12000.0,94,95.0,1.0,5x
1788120049,12150.0,94,95.0,1.0,5x
1788120079,12300.0,105,105.0,0.0,5x
1788120109,12450.0,105,105.0,0.0,5x
1788120139,12600.0,102,102.0,0.0,5x
1788120169,12750.0,102,102.0,0.0,5x
1788120199,12900.0,89,89.0,0.0,5x
1788120229,13050.0,89,89.0,0.0,5x
1788120259,13200.0,76,76.0,0.0,5x
1788120289,13350.0,76,76.0,0.0,5x
1788120319,13500.0,62,63.0,1.0,5x
1788120349,13650.0,62,63.0,1.0,5x
1788120379,13800.0,45,45.0,0.0,5x
1788120409,13950.0,45,45.0,0.0,5x
1788120439,14100.0,32,32.0,0.0,5x
1788120469,14250.0,32,32.0,0.0,5x
1788120499,14400.0,17,19.0,2.0,5x
1788120529,14550.0,17,19.0,2.0,5x
1788120559,14700.0,201,80.0,-121.0,5x
1788120589,14850.0,201,201.0,0.0,5x
1788120619,15000.0,265,262.0,-3.0,5x
1788120649,15150.0,265,265.0,0.0,5x
1788120679,15300.0,87,222.0,135.0,5x
1788120709,15450.0,87,196.0,109.0,5x
1788120739,15600.0,83,129.0,46.0,5x
1788120769,15750.0,83,83.0,0.0,5x
1788120799,15900.0,84,84.0,0.0,5x
1788120829,16050.0,84,84.0,0.0,5x
1788120859,16200.0,115,115.0,0.0,5x
1788120889,16350.0,115,115.0,0.0,5x
1788120919,16500.0,138,138.0,0.0,5x
1788120949,16650.0,138,138.0,0.0,5x
1788120979,16800.0,108,114.0,6.0,5x
1788121009,16950.0,108,114.0,6.0,5x
1788121039,17100.0,91,93.0,2.0,5x
1788121069,17250.0,91,93.0,2.0,5x
1788121099,17400.0,67,68.0,1.0,5x
1788121129,17550.0,67,68.0,1.0,5x
1788121159,17700.0,48,52.0,4.0,5x
1788121189,17850.0,48,52.0,4.0,5x
1788139262,30.0,13,13.0,0.0,1x
1788139292,60.0,13,13.0,0.0,1x
1788139322,90.0,13,13.0,0.0,1x
1788139352,120.0,13,13.0,0.0,1x
1788139382,150.0,13,13.0,0.0,1x
1788139412,180.0,13,13.0,0.0,1x
1788139442,210.0,13,13.0,0.0,1x
1788139472,240.0,13,13.0,0.0,1x
1788139502,270.0,13,13.0,0.0,1x
1788139532,300.0,25,25.0,0.0,1x
1788139562,330.0,25,25.0,0.0,1x
1788139592,360.0,25,25.0,0.0,1x
1788139622,390.0,25,25.0,0.0,1x
1788139652,420.0,25,25.0,0.0,1x
1788139682,450.0,25,25.0,0.0,1x
1788139712,480.0,25,25.0,0.0,1x
1788139742,510.0,25,25.0,0.0,1x
1788139772,540.0,25,25.0,0.0,1x
1788139802,570.0,25,25.0,0.0,1x
1788139832,600.0,32,32.0,0.0,1x
1788139862,630.0,32,32.0,0.0,1x
1788139892,660.0,32,32.0,0.0,1x
1788139922,690.0,32,32.0,0.0,1x
1788139952,720.0,32,32.0,0.0,1x
1788139982,750.0,32,32.0,0.0,1x
1788140012,780.0,32,32.0,0.0,1x
1788140042,810.0,32,32.0,0.0,1x
1788140072,840.0,32,32.0,0.0,1x
1788140102,870.0,32,32.0,0.0,1x
1788140132,900.0,41,41.0,0.0,1x
1788140162,930.0,41,41.0,0.0,1x
1788140192,960.0,41,41.0,0.0,1x
1788140222,990.0,41,41.0,0.0,1x
1788140252,1020.0,41,41.0,0.0,1x
1788140282,1050.0,41,41.0,0.0,1x
1788140312,1080.0,41,41.0,0.0,1x
1788140342,1110.0,41,41.0,0.0,1x
1788140372,1140.0,41,41.0,0.0,1x
1788140402,1170.0,41,41.0,0.0,1x
1788140432,1200.0,49,49.0,0.0,1x
1788140462,1230.0,49,49.0,0.0,1x
1788140492,1260.0,49,49.0,0.0,1x
1788140522,1290.0,49,49.0,0.0,1x
1788140552,1320.0,49,49.0,0.0,1x
1788140582,1350.0,49,49.0,0.0,1x
1788140612,1380.0,49,49.0,0.0,1x
1788140642,1410.0,49,49.0,0.0,1x
1788140672,1440.0,49,49.0,0.0,1x
1788140702,1470.0,49,49.0,0.0,1x
1788140732,1500.0,58,58.0,0.0,1x
1788140762,1530.0,58,58.0,0.0,1x
1788140792,1560.0,58,58.0,0.0,1x
1788140822,1590.0,58,58.0,0.0,1x
1788140852,1620.0,58,58.0,0.0,1x
1788140882,1650.0,58,58.0,0.0,1x
1788140912,1680.0,58,58.0,0.0,1x
1788140942,1710.0,58,58.0,0.0,1x
1788140972,1740.0,58,58.0,0.0,1x
1788141002,1770.0,58,58.0,0.0,1x
1788141032,1800.0,69,69.0,0.0,1x
1788141062,1830.0,69,69.0,0.0,1x
1788141092,1860.0,69,69.0,0.0,1x
1788141122,1890.0,69,69.0,0.0,1x
1788141152,1920.0,69,69.0,0.0,1x
1788141182,1950.0,69,69.0,0.0,1x
1788141212,1980.0,69,69.0,0.0,1x
1788141242,2010.0,69,69.0,0.0,1x
1788141272,2040.0,69,69.0,0.0,1x
1788141302,2070.0,69,69.0,0.0,1x
1788141332,2100.0,65,65.0,0.0,1x
1788141362,2130.0,65,65.0,0.0,1x
1788141392,2160.0,65,65.0,0.0,1x
1788141422,2190.0,65,65.0,0.0,1x
1788141452,2220.0,65,65.0,0.0,1x
1788141482,2250.0,65,65.0,0.0,1x
1788141512,2280.0,65,65.0,0.0,1x
1788141542,2310.0,65,65.0,0.0,1x
1788141572,2340.0,65,65.0,0.0,1x
1788141602,2370.0,65,65.0,0.0,1x
1788141632,2400.0,67,67.0,0.0,1x
1788141662,2430.0,67,67.0,0.0,1x
1788141692,2460.0,67,67.0,0.0,1x
1788141722,2490.0,67,67.0,0.0,1x
1788141752,2520.0,67,67.0,0.0,1x
1788141782,2550.0,67,67.0,0.0,1x
1788141812,2580.0,67,67.0,0.0,1x
1788141842,2610.0,67,67.0,0.0,1x
1788141872,2640.0,67,67.0,0.0,1x
1788141902,2670.0,67,67.0,0.0,1x
1788141932,2700.0,88,88.0,0.0,1x
1788141962,2730.0,88,88.0,0.0,1x
1788141992,2760.0,88,88.0,0.0,1x
1788142022,2790.0,88,88.0,0.0,1x
1788142052,2820.0,88,88.0,0.0,1x
1788142082,2850.0,88,88.0,0.0,1x
1788142112,2880.0,88,88.0,0.0,1x
1788142142,2910.0,88,88.0,0.0,1x
1788142172,2940.0,88,88.0,0.0,1x
1788142202,2970.0,88,88.0,0.0,1x
1788142232,3000.0,112,112.0,0.0,1x
1788142262,3030.0,112,112.0,0.0,1x
1788142292,3060.0,112,112.0,0.0,1x
1788142322,3090.0,112,112.0,0.0,1x
1788142352,3120.0,112,112.0,0.0,1x
1788142382,3150.0,112,112.0,0.0,1x
1788142412,3180.0,112,112.0,0.0,1x
1788142442,3210.0,112,112.0,0.0,1x
1788142472,3240.0,112,112.0,0.0,1x
1788142502,3270.0,112,112.0,0.0,1x
1788142532,3300.0,89,89.0,0.0,1x
1788142562,3330.0,89,89.0,0.0,1x
1788142592,3360.0,89,89.0,0.0,1x
1788142622,3390.0,89,89.0,0.0,1x
1788142652,3420.0,89,89.0,0.0,1x
1788142682,3450.0,89,89.0,0.0,1x
1788142712,3480.0,89,89.0,0.0,1x
1788142742,3510.0,89,89.0,0.0,1x
1788142772,3540.0,89,89.0,0.0,1x
1788142802,3570.0,89,89.0,0.0,1x
1788142832,3600.0,71,76.0,5.0,1x
1788142862,3630.0,71,76.0,5.0,1x
1788142892,3660.0,71,71.0,0.0,1x
1788142922,3690.0,71,71.0,0.0,1x
1788142952,3720.0,71,71.0,0.0,1x
1788142982,3750.0,71,71.0,0.0,1x
1788143012,3780.0,71,71.0,0.0,1x
1788143042,3810.0,71,71.0,0.0,1x
1788143072,3840.0,71,71.0,0.0,1x
1788143102,3870.0,71,71.0,0.0,1x
1788143132,3900.0,179,179.0,0.0,1x
1788143162,3930.0,179,179.0,0.0,1x
1788143192,3960.0,179,179.0,0.0,1x
1788143222,3990.0,179,179.0,0.0,1x
1788143252,4020.0,179,179.0,0.0,1x
1788143282,4050.0,179,179.0,0.0,1x
1788143312,4080.0,179,179.0,0.0,1x
1788143342,4110.0,179,179.0,0.0,1x
1788143372,4140.0,179,179.0,0.0,1x
1788143402,4170.0,179,179.0,0.0,1x
1788143432,4200.0,217,217.0,0.0,1x
1788143462,4230.0,217,217.0,0.0,1x
1788143492,4260.0,217,217.0,0.0,1x
1788143522,4290.0,217,217.0,0.0,1x
1788143552,4320.0,217,217.0,0.0,1x
1788143582,4350.0,217,217.0,0.0,1x
1788143612,4380.0,217,217.0,0.0,1x
1788143642,4410.0,217,217.0,0.0,1x
1788143672,4440.0,217,217.0,0.0,1x
1788143702,4470.0,217,217.0,0.0,1x
1788143732,4500.0,192,192.0,0.0,1x
1788143762,4530.0,192,192.0,0.0,1x
1788143792,4560.0,192,192.0,0.0,1x
1788143822,4590.0,192,192.0,0.0,1x
1788143852,4620.0,192,192.0,0.0,1x
1788143882,4650.0,192,192.0,0.0,1x
1788143912,4680.0,192,192.0,0.0,1x
1788143942,4710.0,192,192.0,0.0,1x
1788143972,4740.0,192,192.0,0.0,1x
1788144002,4770.0,192,192.0,0.0,1x
1788144032,4800.0,71,131.0,60.0,1x
1788144062,4830.0,71,85.0,14.0,1x
1788144092,4860.0,71,71.0,0.0,1x
1788144122,4890.0,71,71.0,0.0,1x
1788144152,4920.0,71,71.0,0.0,1x
1788144182,4950.0,71,71.0,0.0,1x
1788144212,4980.0,71,71.0,0.0,1x
1788144242,5010.0,71,71.0,0.0,1x
1788144272,5040.0,71,71.0,0.0,1x
1788144302,5070.0,71,71.0,0.0,1x
1788144332,5100.0,73,73.0,0.0,1x
1788144362,5130.0,73,73.0,0.0,1x
1788144392,5160.0,73,73.0,0.0,1x
1788144422,5190.0,73,73.0,0.0,1x
1788144452,5220.0,73,73.0,0.0,1x
1788144482,5250.0,73,73.0,0.0,1x
1788144512,5280.0,73,73.0,0.0,1x
1788144542,5310.0,73,73.0,0.0,1x
1788144572,5340.0,73,73.0,0.0,1x
1788144602,5370.0,73,73.0,0.0,1x
1788144632,5400.0,73,73.0,0.0,1x
1788144662,5430.0,73,73.0,0.0,1x
1788144692,5460.0,73,73.0,0.0,1x
1788144722,5490.0,73,73.0,0.0,1x
1788144752,5520.0,73,73.0,0.0,1x
1788144782,5550.0,73,73.0,0.0,1x
1788144812,5580.0,73,73.0,0.0,1x
1788144842,5610.0,73,73.0,0.0,1x
1788144872,5640.0,73,73.0,0.0,1x
1788144902,5670.0,73,73.0,0.0,1x
1788144932,5700.0,67,67.0,0.0,1x
1788144962,5730.0,67,67.0,0.0,1x
1788144992,5760.0,67,67.0,0.0,1x
1788145022,5790.0,67,67.0,0.0,1x
1788145052,5820.0,67,67.0,0.0,1x
1788145082,5850.0,67,67.0,0.0,1x
1788145112,5880.0,67,67.0,0.0,1x
1788145142,5910.0,67,67.0,0.0,1x
1788145172,5940.0,67,67.0,0.0,1x
1788145202,5970.0,67,67.0,0.0,1x
1788145232,6000.0,67,67.0,0.0,1x
1788145262,6030.0,67,67.0,0.0,1x
1788145292,6060.0,67,67.0,0.0,1x
1788145322,6090.0,67,67.0,0.0,1x
1788145352,6120.0,67,67.0,0.0,1x
1788145382,6150.0,67,67.0,0.0,1x
1788145412,6180.0,67,67.0,0.0,1x
1788145442,6210.0,67,67.0,0.0,1x
1788145472,6240.0,67,67.0,0.0,1x
1788145502,6270.0,67,67.0,0.0,1x
1788145532,6300.0,66,66.0,0.0,1x
1788145562,6330.0,66,66.0,0.0,1x
1788145592,6360.0,66,66.0,0.0,1x
1788145622,6390.0,66,66.0,0.0,1x
1788145652,6420.0,66,66.0,0.0,1x
1788145682,6450.0,66,66.0,0.0,1x
1788145712,6480.0,66,66.0,0.0,1x
1788145742,6510.0,66,66.0,0.0,1x
1788145772,6540.0,66,66.0,0.0,1x
1788145802,6570.0,66,66.0,0.0,1x
1788145832,6600.0,64,64.0,0.0,1x
1788145862,6630.0,64,64.0,0.0,1x
1788145892,6660.0,64,64.0,0.0,1x
1788145922,6690.0,64,64.0,0.0,1x
1788145952,6720.0,64,64.0,0.0,1x
1788145982,6750.0,64,64.0,0.0,1x
1788146012,6780.0,64,64.0,0.0,1x
1788146042,6810.0,64,64.0,0.0,1x
1788146072,6840.0,64,64.0,0.0,1x
1788146102,6870.0,64,64.0,0.0,1x
1788146132,6900.0,62,62.0,0.0,1x
1788146162,6930.0,62,62.0,0.0,1x
1788146192,6960.0,62,62.0,0.0,1x
1788146222,6990.0,62,62.0,0.0,1x
1788146252,7020.0,62,62.0,0.0,1x
1788146282,7050.0,62,62.0,0.0,1x
1788146312,7080.0,62,62.0,0.0,1x
1788146342,7110.0,62,62.0,0.0,1x
1788146372,7140.0,62,62.0,0.0,1x
1788146402,7170.0,62,62.0,0.0,1x
1788146432,7200.0,61,61.0,0.0,1x
1788146462,7230.0,61,61.0,0.0,1x
1788146492,7260.0,61,61.0,0.0,1x
1788146522,7290.0,61,61.0,0.0,1x
1788146552,7320.0,61,61.0,0.0,1x
1788146582,7350.0,61,61.0,0.0,1x
1788146612,7380.0,61,61.0,0.0,1x
1788146642,7410.0,61,61.0,0.0,1x
1788146672,7440.0,61,61.0,0.0,1x
1788146702,7470.0,61,61.0,0.0,1x
1788146732,7500.0,54,54.0,0.0,1x
1788146762,7530.0,54,54.0,0.0,1x
1788146792,7560.0,54,54.0,0.0,1x
1788146822,7590.0,54,54.0,0.0,1x
1788146852,7620.0,54,54.0,0.0,1x
1788146882,7650.0,54,54.0,0.0,1x
1788146912,7680.0,54,54.0,0.0,1x
1788146942,7710.0,54,54.0,0.0,1x
1788146972,7740.0,54,54.0,0.0,1x
1788147002,7770.0,54,54.0,0.0,1x
1788147032,7800.0,51,51.0,0.0,1x
1788147062,7830.0,51,51.0,0.0,1x
1788147092,7860.0,51,51.0,0.0,1x
1788147122,7890.0,51,51.0,0.0,1x
1788147152,7920.0,51,51.0,0.0,1x
1788147182,7950.0,51,51.0,0.0,1x
1788147212,7980.0,51,51.0,0.0,1x
1788147242,8010.0,51,51.0,0.0,1x
1788147272,8040.0,51,51.0,0.0,1x
1788147302,8070.0,51,51.0,0.0,1x
1788147332,8100.0,45,45.0,0.0,1x
1788147362,8130.0,45,45.0,0.0,1x
1788147392,8160.0,45,45.0,0.0,1x
1788147422,8190.0,45,45.0,0.0,1x
1788147452,8220.0,45,45.0,0.0,1x
1788147482,8250.0,45,45.0,0.0,1x
1788147512,8280.0,45,45.0,0.0,1x
1788147542,8310.0,45,45.0,0.0,1x
1788147572,8340.0,45,45.0,0.0,1x
1788147602,8370.0,45,45.0,0.0,1x
1788147632,8400.0,37,37.0,0.0,1x
1788147662,8430.0,37,37.0,0.0,1x
1788147692,8460.0,37,37.0,0.0,1x
1788147722,8490.0,37,37.0,0.0,1x
1788147752,8520.0,37,37.0,0.0,1x
1788147782,8550.0,37,37.0,0.0,1x
1788147812,8580.0,37,37.0,0.0,1x
1788147842,8610.0,37,37.0,0.0,1x
1788147872,8640.0,37,37.0,0.0,1x
1788147902,8670.0,37,37.0,0.0,1x
1788147932,8700.0,32,32.0,0.0,1x
1788147962,8730.0,32,32.0,0.0,1x
1788147992,8760.0,32,32.0,0.0,1x
1788148022,8790.0,32,32.0,0.0,1x
1788148052,8820.0,32,32.0,0.0,1x
1788148082,8850.0,32,32.0,0.0,1x
1788148112,8880.0,32,32.0,0.0,1x
1788148142,8910.0,32,32.0,0.0,1x
1788148172,8940.0,32,32.0,0.0,1x
1788148202,8970.0,32,32.0,0.0,1x
1788148232,9000.0,26,26.0,0.0,1x
1788148262,9030.0,26,26.0,0.0,1x
1788148292,9060.0,26,26.0,0.0,1x
1788148322,9090.0,26,26.0,0.0,1x
1788148352,9120.0,26,26.0,0.0,1x
1788148382,9150.0,26,26.0,0.0,1x
1788148412,9180.0,26,26.0,0.0,1x
1788148442,9210.0,26,26.0,0.0,1x
1788148472,9240.0,26,26.0,0.0,1x
1788148502,9270.0,26,26.0,0.0,1x
1788148532,9300.0,129,129.0,0.0,1x
1788148562,9330.0,129,129.0,0.0,1x
1788148592,9360.0,129,129.0,0.0,1x
1788148622,9390.0,129,129.0,0.0,1x
1788148652,9420.0,129,129.0,0.0,1x
1788148682,9450.0,129,129.0,0.0,1x
1788148712,9480.0,129,129.0,0.0,1x
1788148742,9510.0,129,129.0,0.0,1x
1788148772,9540.0,129,129.0,0.0,1x
1788148802,9570.0,129,129.0,0.0,1x
1788148832,9600.0,172,172.0,0.0,1x
1788148862,9630.0,172,172.0,0.0,1x
1788148892,9660.0,172,172.0,0.0,1x
1788148922,9690.0,172,172.0,0.0,1x
1788148952,9720.0,172,172.0,0.0,1x
1788148982,9750.0,172,172.0,0.0,1x
1788149012,9780.0,172,172.0,0.0,1x
1788149042,9810.0,172,172.0,0.0,1x
1788149072,9840.0,172,172.0,0.0,1x
1788149102,9870.0,172,172.0,0.0,1x
1788149132,9900.0,87,114.0,27.0,1x
1788149162,9930.0,87,114.0,27.0,1x
1788149192,9960.0,87,87.0,0.0,1x
1788149222,9990.0,87,87.0,0.0,1x
1788149252,10020.0,87,87.0,0.0,1x
1788149282,10050.0,87,87.0,0.0,1x
1788149312,10080.0,87,87.0,0.0,1x
1788149342,10110.0,87,87.0,0.0,1x
1788149372,10140.0,87,87.0,0.0,1x
1788149402,10170.0,87,87.0,0.0,1x
1788149432,10200.0,87,87.0,0.0,1x
1788149462,10230.0,87,87.0,0.0,1x
1788149492,10260.0,87,87.0,0.0,1x
1788149522,10290.0,87,87.0,0.0,1x
1788149552,10320.0,87,87.0,0.0,1x
1788149582,10350.0,87,87.0,0.0,1x
1788149612,10380.0,87,87.0,0.0,1x
1788149642,10410.0,87,87.0,0.0,1x
1788149672,10440.0,87,87.0,0.0,1x
1788149702,10470.0,87,87.0,0.0,1x
1788149732,10500.0,92,92.0,0.0,1x
1788149762,10530.0,92,92.0,0.0,1x
1788149792,10560.0,92,92.0,0.0,1x
1788149822,10590.0,92,92.0,0.0,1x
1788149852,10620.0,92,92.0,0.0,1x
1788149882,10650.0,92,92.0,0.0,1x
1788149912,10680.0,92,92.0,0.0,1x
1788149942,10710.0,92,92.0,0.0,1x
1788149972,10740.0,92,92.0,0.0,1x
1788150002,10770.0,92,92.0,0.0,1x
1788150032,10800.0,124,124.0,0.0,1x
1788150062,10830.0,124,124.0,0.0,1x
1788150092,10860.0,124,124.0,0.0,1x
1788150122,10890.0,124,124.0,0.0,1x
1788150152,10920.0,124,124.0,0.0,1x
1788150182,10950.0,124,124.0,0.0,1x
1788150212,10980.0,124,124.0,0.0,1x
1788150242,11010.0,124,124.0,0.0,1x
1788150272,11040.0,124,124.0,0.0,1x
1788150302,11070.0,124,124.0,0.0,1x
1788150332,11100.0,158,158.0,0.0,1x
1788150362,11130.0,158,158.0,0.0,1x
1788150392,11160.0,158,158.0,0.0,1x
1788150422,11190.0,158,158.0,0.0,1x
1788150452,11220.0,158,158.0,0.0,1x
1788150482,11250.0,158,158.0,0.0,1x
1788150512,11280.0,158,158.0,0.0,1x
1788150542,11310.0,158,158.0,0.0,1x
1788150572,11340.0,158,158.0,0.0,1x
1788150602,11370.0,158,158.0,0.0,1x
1788150632,11400.0,152,152.0,0.0,1x
1788150662,11430.0,152,152.0,0.0,1x
1788150692,11460.0,152,152.0,0.0,1x
1788150722,11490.0,152,152.0,0.0,1x
1788150752,11520.0,152,152.0,0.0,1x
1788150782,11550.0,152,152.0,0.0,1x
1788150812,11580.0,152,152.0,0.0,1x
1788150842,11610.0,152,152.0,0.0,1x
1788150872,11640.0,152,152.0,0.0,1x
1788150902,11670.0,152,152.0,0.0,1x
1788150932,11700.0,114,120.0,6.0,1x
1788150962,11730.0,114,120.0,6.0,1x
1788150992,11760.0,114,113.0,-1.0,1x
1788151022,11790.0,114,112.0,-2.0,1x
1788151052,11820.0,114,114.0,0.0,1x
1788151082,11850.0,114,114.0,0.0,1x
1788151112,11880.0,114,114.0,0.0,1x
1788151142,11910.0,114,114.0,0.0,1x
1788151172,11940.0,114,114.0,0.0,1x
1788151202,11970.0,114,114.0,0.0,1x
1788151232,12000.0,94,94.0,0.0,1x
1788151262,12030.0,94,94.0,0.0,1x
1788151292,12060.0,94,94.0,0.0,1x
1788151322,12090.0,94,94.0,0.0,1x
1788151352,12120.0,94,94.0,0.0,1x
1788151382,12150.0,94,94.0,0.0,1x
1788151412,12180.0,94,94.0,0.0,1x
1788151442,12210.0,94,94.0,0.0,1x
1788151472,12240.0,94,94.0,0.0,1x
1788151502,12270.0,94,94.0,0.0,1x
1788151532,12300.0,105,105.0,0.0,1x
1788151562,12330.0,105,105.0,0.0,1x
1788151592,12360.0,105,105.0,0.0,1x
1788151622,12390.0,105,105.0,0.0,1x
1788151652,12420.0,105,105.0,0.0,1x
1788151682,12450.0,105,105.0,0.0,1x
1788151712,12480.0,105,105.0,0.0,1x
1788151742,12510.0,105,105.0,0.0,1x
1788151772,12540.0,105,105.0,0.0,1x
1788151802,12570.0,105,105.0,0.0,1x
1788151832,12600.0,102,102.0,0.0,1x
1788151862,12630.0,102,102.0,0.0,1x
1788151892,12660.0,102,102.0,0.0,1x
1788151922,12690.0,102,102.0,0.0,1x
1788151952,12720.0,102,102.0,0.0,1x
1788151982,12750.0,102,102.0,0.0,1x
1788152012,12780.0,102,102.0,0.0,1x
1788152042,12810.0,102,102.0,0.0,1x
1788152072,12840.0,102,102.0,0.0,1x
1788152102,12870.0,102,102.0,0.0,1x
1788152132,12900.0,89,89.0,0.0,1x
1788152162,12930.0,89,89.0,0.0,1x
1788152192,12960.0,89,89.0,0.0,1x
1788152222,12990.0,89,89.0,0.0,1x
1788152252,13020.0,89,89.0,0.0,1x
1788152282,13050.0,89,89.0,0.0,1x
1788152312,13080.0,89,89.0,0.0,1x
1788152342,13110.0,89,89.0,0.0,1x
1788152372,13140.0,89,89.0,0.0,1x
1788152402,13170.0,89,89.0,0.0,1x
1788152432,13200.0,76,76.0,0.0,1x
1788152462,13230.0,76,76.0,0.0,1x
1788152492,13260.0,76,76.0,0.0,1x
1788152522,13290.0,76,76.0,0.0,1x
1788152552,13320.0,76,76.0,0.0,1x
1788152582,13350.0,76,76.0,0.0,1x
1788152612,13380.0,76,76.0,0.0,1x
1788152642,13410.0,76,76.0,0.0,1x
1788152672,13440.0,76,76.0,0.0,1x
1788152702,13470.0,76,76.0,0.0,1x
1788152732,13500.0,62,62.0,0.0,1x
1788152762,13530.0,62,62.0,0.0,1x
1788152792,13560.0,62,62.0,0.0,1x
1788152822,13590.0,62,62.0,0.0,1x
1788152852,13620.0,62,62.0,0.0,1x
1788152882,13650.0,62,62.0,0.0,1x
1788152912,13680.0,62,62.0,0.0,1x
1788152942,13710.0,62,62.0,0.0,1x
1788152972,13740.0,62,62.0,0.0,1x
1788153002,13770.0,62,62.0,0.0,1x
1788153032,13800.0,45,46.0,1.0,1x
1788153062,13830.0,45,46.0,1.0,1x
1788153092,13860.0,45,45.0,0.0,1x
1788153122,13890.0,45,45.0,0.0,1x
1788153152,13920.0,45,45.0,0.0,1x
1788153182,13950.0,45,45.0,0.0,1x
1788153212,13980.0,45,45.0,0.0,1x
1788153242,14010.0,45,45.0,0.0,1x
1788153272,14040.0,45,45.0,0.0,1x
1788153302,14070.0,45,45.0,0.0,1x
1788153332,14100.0,32,32.0,0.0,1x
1788153362,14130.0,32,32.0,0.0,1x
1788153392,14160.0,32,32.0,0.0,1x
1788153422,14190.0,32,32.0,0.0,1x
1788153452,14220.0,32,32.0,0.0,1x
1788153482,14250.0,32,32.0,0.0,1x
1788153512,14280.0,32,32.0,0.0,1x
1788153542,14310.0,32,32.0,0.0,1x
1788153572,14340.0,32,32.0,0.0,1x
1788153602,14370.0,32,32.0,0.0,1x
1788153632,14400.0,17,17.0,0.0,1x
1788153662,14430.0,17,17.0,0.0,1x
1788153692,14460.0,17,17.0,0.0,1x
1788153722,14490.0,17,17.0,0.0,1x
1788153752,14520.0,17,17.0,0.0,1x
1788153782,14550.0,17,17.0,0.0,1x
1788153812,14580.0,17,17.0,0.0,1x
1788153842,14610.0,17,17.0,0.0,1x
1788153872,14640.0,17,17.0,0.0,1x
1788153902,14670.0,17,17.0,0.0,1x
1788153932,14700.0,201,201.0,0.0,1x
1788153962,14730.0,201,201.0,0.0,1x
1788153992,14760.0,201,201.0,0.0,1x
1788154022,14790.0,201,201.0,0.0,1x
1788154052,14820.0,201,201.0,0.0,1x
1788154082,14850.0,201,201.0,0.0,1x
1788154112,14880.0,201,201.0,0.0,1x
1788154142,14910.0,201,201.0,0.0,1x
1788154172,14940.0,201,201.0,0.0,1x
1788154202,14970.0,201,201.0,0.0,1x
1788154232,15000.0,265,265.0,0.0,1x
1788154262,15030.0,265,265.0,0.0,1x
1788154292,15060.0,265,265.0,0.0,1x
1788154322,15090.0,265,265.0,0.0,1x
1788154352,15120.0,265,265.0,0.0,1x
1788154382,15150.0,265,265.0,0.0,1x
1788154412,15180.0,265,265.0,0.0,1x
1788154442,15210.0,265,265.0,0.0,1x
1788154472,15240.0,265,265.0,0.0,1x
1788154502,15270.0,265,265.0,0.0,1x
1788154532,15300.0,87,210.0,123.0,1x
1788154562,15330.0,87,210.0,123.0,1x
1788154592,15360.0,87,87.0,0.0,1x
1788154622,15390.0,87,87.0,0.0,1x
1788154652,15420.0,87,87.0,0.0,1x
1788154682,15450.0,87,87.0,0.0,1x
1788154712,15480.0,87,87.0,0.0,1x
1788154742,15510.0,87,87.0,0.0,1x
1788154772,15540.0,87,87.0,0.0,1x
1788154802,15570.0,87,87.0,0.0,1x
1788154832,15600.0,83,83.0,0.0,1x
1788154862,15630.0,83,83.0,0.0,1x
1788154892,15660.0,83,83.0,0.0,1x
1788154922,15690.0,83,83.0,0.0,1x
1788154952,15720.0,83,83.0,0.0,1x
1788154982,15750.0,83,83.0,0.0,1x
1788155012,15780.0,83,83.0,0.0,1x
1788155042,15810.0,83,83.0,0.0,1x
1788155072,15840.0,83,83.0,0.0,1x
1788155102,15870.0,83,83.0,0.0,1x
1788155132,15900.0,84,84.0,0.0,1x
1788155162,15930.0,84,84.0,0.0,1x
1788155192,15960.0,84,84.0,0.0,1x
1788155222,15990.0,84,84.0,0.0,1x
1788155252,16020.0,84,84.0,0.0,1x
1788155282,16050.0,84,84.0,0.0,1x
1788155312,16080.0,84,84.0,0.0,1x
1788155342,16110.0,84,84.0,0.0,1x
1788155372,16140.0,84,84.0,0.0,1x
1788155402,16170.0,84,84.0,0.0,1x
1788155432,16200.0,115,115.0,0.0,1x
1788155462,16230.0,115,115.0,0.0,1x
1788155492,16260.0,115,115.0,0.0,1x
1788155522,16290.0,115,115.0,0.0,1x
1788155552,16320.0,115,115.0,0.0,1x
1788155582,16350.0,115,115.0,0.0,1x
1788155612,16380.0,115,115.0,0.0,1x
1788155642,16410.0,115,115.0,0.0,1x
1788155672,16440.0,115,115.0,0.0,1x
1788155702,16470.0,115,115.0,0.0,1x
1788155732,16500.0,138,138.0,0.0,1x
1788155762,16530.0,138,138.0,0.0,1x
1788155792,16560.0,138,138.0,0.0,1x
1788155822,16590.0,138,138.0,0.0,1x
1788155852,16620.0,138,138.0,0.0,1x
1788155882,16650.0,138,138.0,0.0,1x
1788155912,16680.0,138,138.0,0.0,1x
1788155942,16710.0,138,138.0,0.0,1x
1788155972,16740.0,138,138.0,0.0,1x
1788156002,16770.0,138,138.0,0.0,1x
1788156032,16800.0,108,112.0,4.0,1x
1788156062,16830.0,108,112.0,4.0,1x
1788156092,16860.0,108,108.0,0.0,1x
1788156122,16890.0,108,108.0,0.0,1x
1788156152,16920.0,108,108.0,0.0,1x
1788156182,16950.0,108,108.0,0.0,1x
1788156212,16980.0,108,108.0,0.0,1x
1788156242,17010.0,108,108.0,0.0,1x
1788156272,17040.0,108,108.0,0.0,1x
1788156302,17070.0,108,108.0,0.0,1x
1788156332,17100.0,91,93.0,2.0,1x
1788156362,17130.0,91,93.0,2.0,1x
1788156392,17160.0,91,91.0,0.0,1x
1788156422,17190.0,91,91.0,0.0,1x
1788156452,17220.0,91,91.0,0.0,1x
1788156482,17250.0,91,91.0,0.0,1x
1788156512,17280.0,91,91.0,0.0,1x
1788156542,17310.0,91,91.0,0.0,1x
1788156572,17340.0,91,91.0,0.0,1x
1788156602,17370.0,91,91.0,0.0,1x
1788156632,17400.0,67,67.0,0.0,1x
1788156662,17430.0,67,67.0,0.0,1x
1788156692,17460.0,67,67.0,0.0,1x
1788156722,17490.0,67,67.0,0.0,1x
1788156752,17520.0,67,67.0,0.0,1x
1788156782,17550.0,67,67.0,0.0,1x
1788156812,17580.0,67,67.0,0.0,1x
1788156842,17610.0,67,67.0,0.0,1x
1788156872,17640.0,67,67.0,0.0,1x
1788156902,17670.0,67,67.0,0.0,1x
1788156932,17700.0,48,48.0,0.0,1x
1788156962,17730.0,48,48.0,0.0,1x
1788156992,17760.0,48,48.0,0.0,1x
1788157022,17790.0,48,48.0,0.0,1x
1788157052,17820.0,48,48.0,0.0,1x
1788157082,17850.0,48,48.0,0.0,1x
1788157112,17880.0,48,48.0,0.0,1x
1788157142,17910.0,48,48.0,0.0,1x
1788157172,17940.0,48,48.0,0.0,1x
1788157202,17970.0,48,48.0,0.0,1x
